ID,title,pages,books_ID
aaaaaaaa-aaaa-aaaa-aaaa-aaaaaaaaaaaa,The Boy Who Lived,18,11111111-1111-1111-1111-111111111111
bbbbbbbb-bbbb-bbbb-bbbb-bbbbbbbbbbbb,The Vanishing Glass,22,11111111-1111-1111-1111-111111111111
cccccccc-cccc-cccc-cccc-cccccccccccc,The Letters from No One,20,11111111-1111-1111-1111-111111111111
dddddddd-dddd-dddd-dddd-dddddddddddd,An Unexpected Party,25,22222222-2222-2222-2222-222222222222
eeeeeeee-eeee-eeee-eeee-eeeeeeeeeeee,Roast Mutton,30,22222222-2222-2222-2222-222222222222
ffffffff-ffff-ffff-ffff-ffffffffffff,Chapter 1,28,33333333-3333-3333-3333-333333333333
12121212-1212-1212-1212-121212121212,Chapter 2,35,33333333-3333-3333-3333-333333333333
23232323-2323-2323-2323-232323232323,The Shepherd Boy,15,44444444-4444-4444-4444-444444444444
34343434-3434-3434-3434-343434343434,Treasure Hunt,18,44444444-4444-4444-4444-444444444444
45454545-4545-4545-4545-454545454545,Growing Up,26,55555555-5555-5555-5555-555555555555